nfd,sender,id,ts,date,assetId,amount,usd,assetPriceAtTime
,GJ2437TLZHTE7E5ZXKRC2I7DQ2JFJPQWWTFCRPQSISAZ3I2BNB4UHVDPA4,6MOIA44ILLHF75NKDKT75XQNYKUBT6KIT5RC2ARHJCJMPBMWSSFQ,1689016874,2023-07-10T19:21:14.000Z,796425061,1.5,0.05110783272559714,0.034071888483731425
keyboard.algo,EZPSYVX4GG3OMUQWIJNTYAAUZAHQHSOOHEKFXFWMZ3VIFCUFSZCSABMQUM,JN4YA6DSUWB2YTNOJKNBC3KQISIBO2AKGFGUHTPWU7FFEAML4XHQ,1688886845,2023-07-09T07:14:05.000Z,0,9.9,1.1020942663866127,0.11132265317036491
kunstmusik.algo,2HYTI5GAB3WAJL5MZKQYUHZHYQJBEUD54OQNFZNBCPZXFPVDZOSCGUNORU,DCLH7YNJLZYLXJA4SD75BWFFD2XLYOHEAYMCSPOOZSJROVEVS5TQ,1688826319,2023-07-08T14:25:19.000Z,0,50,5.608947599906439,0.11217895199812877
,DWJGXQ2AAZHAWXD2QDJF7RQUJD3SB5FJC66GMA6SWOCILIYCWCDNYYZ2LQ,3MBCVFDEZC7WU4RSFFVNSQTPYTRDTQHJPHNSCEJQBVSAC3GKN7RA,1688818844,2023-07-08T12:20:44.000Z,796425061,500,17.28549859840345,0.034570997196806896
hashingslash.algo,SLASH6WN7MPCCMQ3PRNEU3JJ4J5WFBCX27U3QV4UIVYDPEQOWNHN37REZQ,3A6IFFJH5IZVG54CETJAEFWQ2MASTT2Z7YL5AXVYO3WD7OXCJXGQ,1688807717,2023-07-08T09:15:17.000Z,0,50,5.596065321194354,0.11192130642388708
hashingslash.algo,SLASH6WN7MPCCMQ3PRNEU3JJ4J5WFBCX27U3QV4UIVYDPEQOWNHN37REZQ,RNHZJCNX3UAZBPT24Z3KYYQMVPYGP5WOUAOILJRDDWW7YRTDC43A,1688807693,2023-07-08T09:14:53.000Z,796425061,96.530005,3.3169062927774426,0.034361401854039506
jamesstrope.algo,6EZWLKLMUP2XH6QKZ77IFH5COX6UWN2S367573OWI5QFTQCBSDTTJU3TRU,3XLRUCMSF3SQWLY636HMJOZZGE2VJLRUECIW7ETYY7T6BC6JIP5A,1688782971,2023-07-08T02:22:51.000Z,796425061,174,6.042299549942152,0.03472585948242616
jamesstrope.algo,6EZWLKLMUP2XH6QKZ77IFH5COX6UWN2S367573OWI5QFTQCBSDTTJU3TRU,UK7SYJF4KOHE2XSNLPBF5T3LWDFRQSK62QXFYB3JEC2NJXGNRYWQ,1688782658,2023-07-08T02:17:38.000Z,796425061,250,8.68146487060654,0.03472585948242616
,PIXELYUC23O7REOIN2WUQ32ZH6Y5BEZD6DKB2ZNMMTMRAJHRHSCXNLFWPI,WAFMGZLEQ7A2DNOG3RKMZXTSNNCSLUJ67SO6VC6DT54FMPNBM5JQ,1688782131,2023-07-08T02:08:51.000Z,796425061,88.63,3.066460237716527,0.03459844564725857
outsider.algo,XPATARTG3VEXW6EQUZ33HZ32HEK5UAO3ORVLORCNQ4NMXOELZPVUTWDEJI,IUUPYALYSTHKJZ5SCMXDUG2QT65OBGXZHDOY66XK4PSAY2QNT5UA,1688778655,2023-07-08T01:10:55.000Z,0,200,22.473082149463814,0.11236541074731907
froghousedojo.algo,P4SPR5M6T45XP3KVKP3XCLK55U2WXR3PGWA43IMXM6IZA5HDOBO4O4AB5A,S3TYM3XHIVXRHAXKJJV7G7KPYFIA7CZHHNACVNNISZGJDNW5TADQ,1688769888,2023-07-07T22:44:48.000Z,0,50,5.595995952575163,0.11191991905150327
,GJ2437TLZHTE7E5ZXKRC2I7DQ2JFJPQWWTFCRPQSISAZ3I2BNB4UHVDPA4,43XSFU4MV4NSGOCHTWJZB4F7RG6HV43SLCXFYL5YM7MMVVJDFXSQ,1688649008,2023-07-06T13:10:08.000Z,796425061,5,0.18748617144355925,0.03749723428871185
,KRTSBDBYVW3YX2EGI6YP3RCOFJXSQV6XFMTKVJZSG3QUAHBVYNM46PAHIM,GEU4UUKA2ZRK5BCJGCBIAK36L6V4PBOU62JNZDJRKNKWQKZEYLXA,1688574149,2023-07-05T16:22:29.000Z,796425061,260,10.190524276891162,0.039194324141889086
jaxnole.algo,AAC2JBF6S6WIFE3SIWKDJ46HOBOXFBGBMMMSJDMIBE25SMBG4H2D2TJ3XY,WLHONCY6YF5N2DZYE5QB2HBJRIWNYEGFGKEWARIMGJE4HFC6BTEQ,1688297828,2023-07-02T11:37:08.000Z,1103395709,1,0.18170946242709934,0.18170946242709934
jaxnole.algo,AAC2JBF6S6WIFE3SIWKDJ46HOBOXFBGBMMMSJDMIBE25SMBG4H2D2TJ3XY,ZGXFGLC24EBEHDYV7C62SORFNFZLQS344C2NYAJKJ3LH7JGWEVWA,1688237677,2023-07-01T18:54:37.000Z,1103395709,1,0.17910652596713122,0.17910652596713122
roamoilanen.algo,C7FVVLZVOIWFSJUXRZIWWBJUYEZ2R22IX35A33XG5UDVCXXCX52NTC5QRE,IWIMASK7VA465UQQOSU5DQ7EH77D6SJQFWUNDHRWR6NVZ623X73Q,1688230791,2023-07-01T16:59:51.000Z,31566704,1.00281,1.00281,1
robbie.coop.algo,HIBMJUF7EAWJXCIMNROUNJBJNXGUAB45QEJA4IV4XCNWQEBN2F7VMB3PKM,34JLUDAQIMCS6HA5ZRASODQJO34N5CH77JJJ3EF7EDEYYDGPBYEQ,1687958595,2023-06-28T13:23:15.000Z,796425061,10,0.2777161202962925,0.02777161202962925
vault.makman.algo,SEOIXMJBVBRKJMKORXRIS6RXHHBQJFV4NWPIITWC5PGHQQC4WCRB56ETJY,UZIJ5OGSYUCZZ7FYRJMPXXHROYXHQ7GFUVJSGXD5KRB3TKF6W2KA,1687713793,2023-06-25T17:23:13.000Z,0,500,69.29976515783515,0.1385995303156703
roamoilanen.algo,C7FVVLZVOIWFSJUXRZIWWBJUYEZ2R22IX35A33XG5UDVCXXCX52NTC5QRE,ZV7XXLRGEXCB3LGUULH47J47XZ7TO6SOUNQIBPOJHZIOJNNNXMKA,1687625265,2023-06-24T16:47:45.000Z,0,2,0.26541120372339777,0.13270560186169889
roamoilanen.algo,C7FVVLZVOIWFSJUXRZIWWBJUYEZ2R22IX35A33XG5UDVCXXCX52NTC5QRE,NDQZMXH56M6W5M2AFNZKTVMVW5BQWWYUKLC34QYTOE3LLFH33MCQ,1687422415,2023-06-22T08:26:55.000Z,31566704,0.003295,0.003295,1
andynguyen.algo,7X4O5K6JBDWLSXYGGAG6LSTXNGKWXVO3PP4W5YVOSJMOQLGJJ5ZJFF65DA,DED7CGC2HICRMRNGTVUCYH5SZO55XRAGPFQS7FGFVRFBJQCW3LJQ,1687387165,2023-06-21T22:39:25.000Z,796425061,5000,147.52761811400487,0.029505523622800973
movetoabetterworld.algo,T2LT2FQUGTKM5JRV4JXGNLOQEWD2EOFNXSH2V6HDC7RYFTHGQDXVZ2MVTA,WL2BXR2DLGQQ3S6EJYJQ6BDD4V4FAZBV5464MRP2536QRX2IOVNA,1687372775,2023-06-21T18:39:35.000Z,796425061,50,1.5379472094707765,0.03075894418941553
lengthy.voi.algo,B5TRCMP7IDCX76LVT62DESSWYZT73KOKD3KEQTYEMN4WIADPBOZ2ZSLOYA,ACO2TN3WATR77THEYLRBUIETJWRAGFAS42QF44MUFENOE7WJE4AQ,1687363782,2023-06-21T16:09:42.000Z,796425061,10000,298.7628342991293,0.029876283429912928
robbie.coop.algo,HIBMJUF7EAWJXCIMNROUNJBJNXGUAB45QEJA4IV4XCNWQEBN2F7VMB3PKM,NCQ6LJTN6WUTUBPELI3FWTLINLOBAGU5RWIUTTZZJZCFE3KFFOGQ,1687355327,2023-06-21T13:48:47.000Z,796425061,16,0.5161698579441268,0.03226061612150793
gfyourself.algo,B4JFTAUITLGFNBSNXT2VTOZCRLFZMX3I7ERRDZCAYZP74NGHZ7565ZECZY,7K7XC54TT3UV4Z5TBXKYOKPFKNZO2KKEPMAQ4E6575JKVKB5MUSQ,1687355037,2023-06-21T13:43:57.000Z,796425061,420.69,13.954596010811334,0.03317073382017955
ganainmtech.algo,JVGFI5653YQIJ3DJPFDT3BH46S33OPQ6LMGFBMC6MWBZM2JVC7M6PBWBKU,TOD6SXMO6FCDBQEFH6JUDL5WHPFFUAD6H4JVDGU22OQYOPES6S4Q,1687347704,2023-06-21T11:41:44.000Z,796425061,762,25.220704488447492,0.03309803738641403
robbie.coop.algo,HIBMJUF7EAWJXCIMNROUNJBJNXGUAB45QEJA4IV4XCNWQEBN2F7VMB3PKM,MW7OXLKFEY5IC3GWTFEYRASDEXRZIY6BBS3SS3EDHAUSCQPQXKQA,1687318385,2023-06-21T03:33:05.000Z,796425061,61.52,2.497281131468954,0.040592996285256075
michaeljordan.algo,TIGER4VK5MHK2TIE2DLV5LQSJLZQROKY4H5VC3HXNTMDOPPMSPKKS4TK44,CMCCXDPL7LOZYT7CU7EGYA677WH3PMH7FTHT7HAEIEQQRYD3D7QA,1687317738,2023-06-21T03:22:18.000Z,796425061,100,4.227929881305082,0.042279298813050814
moo.akita.algo,5URM4YO6WI2MQ66D3XRZXSKOBMEXDCSMBIUW2RVB2LYDPATKNIX4YVJOGY,35DEXY7OB4WANPHYX26ZVUAH5KPHARC5HK3QLXAZ677UOENO5POA,1687317609,2023-06-21T03:20:09.000Z,796425061,250,10.569824703262704,0.042279298813050814
,MX4EWJ33NQAMYZVYPSXNQDT5DH3L2I2EKXNDHKSJ4ECAVQJ2BNDEZPM7CI,UZWZJFWWC5MMJOKTQQ7IARDLD3W5UDP6CIZJ3KNEDBFXGUK5PD2Q,1687306909,2023-06-21T00:21:49.000Z,796425061,4000,184.552662063989,0.046138165515997254
fisherman.algo,LVD6FPALL5MIYD6RWY4BYQO3TBJZJU7DLNGLHHTQQB6BTIHI6JTBSP2MZE,RCXPQWSPQT5WT7IJZSE5XSI4BPCRIDUXUTL25CFOPIPKNSI7CVSQ,1687306526,2023-06-21T00:15:26.000Z,796425061,36427,1680.674955251232,0.046138165515997254
409.algo,OJMRO6OGTQR4GMOKU7GMRQMAQ6OWNLAJAMPIRILWNOSMV2CKXCOY76S42E,UJZ632B3DEEM5TIEJJQDTLQKXJUKO7RLMKRDMOCCPBVWOZ4QRS2A,1687285639,2023-06-20T18:27:19.000Z,0,65,7.724355851558903,0.11883624387013696
roamoilanen.algo,C7FVVLZVOIWFSJUXRZIWWBJUYEZ2R22IX35A33XG5UDVCXXCX52NTC5QRE,ZFZPPDWFIAA3Y3SU6SXW4E7L6AJZLTDIIXPBC6HS5MX7FT26KNOQ,1687199682,2023-06-19T18:34:42.000Z,0,20,2.327114707683862,0.1163557353841931
doxxed.algo,3II7TTLKYG6GVX7AZYVQ4AJS6C4MVESDYFOEGNL7H7Y6AZTHBRIREZL4WA,2NVB7TCK6O26CRHVXDOWL52V2DEDQZIRD2CI3FHRQA6AIJX6BQUA,1687199417,2023-06-19T18:30:17.000Z,0,100,11.63557353841931,0.1163557353841931
doxxed.algo,3II7TTLKYG6GVX7AZYVQ4AJS6C4MVESDYFOEGNL7H7Y6AZTHBRIREZL4WA,F5XVGBZODMG57GCMW5A2HAQOHAEKQ5TN4IAJK6GMUEK3U6C5QRHA,1687198557,2023-06-19T18:15:57.000Z,796425061,931,44.71036382926324,0.048024021298886395
doxxed.algo,3II7TTLKYG6GVX7AZYVQ4AJS6C4MVESDYFOEGNL7H7Y6AZTHBRIREZL4WA,A7VUBVGJIOXYPSPWA5GCLYFW5TH5YMWDLLPKHLYEVKIAAZJL4XTA,1687198454,2023-06-19T18:14:14.000Z,796425061,69,3.44643704142895,0.04994836291926014
409.algo,OJMRO6OGTQR4GMOKU7GMRQMAQ6OWNLAJAMPIRILWNOSMV2CKXCOY76S42E,OP4VCKBBNJ2PMX7RILATWT3NEQRYCVIESYOADTSOVRIKYQ64RP4Q,1687172205,2023-06-19T10:56:45.000Z,0,10,1.1625337841646983,0.11625337841646984
godhatesnfts.algo,5EH3H3YJDP5HUEIDP3MRK2DHE7FIII4XEH2YLMS4V7GIMHSYLTZCXOIXWI,HFIDJN4LVCENWKLGPNLAK5ZXIPV65A4DCXEZZI3LTT24KARFWDIA,1687150274,2023-06-19T04:51:14.000Z,796425061,100,6.213029750003515,0.06213029750003515
mefra.coop.algo,64M5SOIWCRZFYYKSNADSSTVUMWRHERFWQPHAV5OVZDEN7KZ5QKNQOQ6T7Q,YUOVEJRH4F3TYCJLBUJMSGMYITIHRSWIHYGKELPHQXSBYMSZYQFA,1687126004,2023-06-18T22:06:44.000Z,796425061,200,12.066129658347013,0.06033064829173507
,SW33H674DOOLJJE3AS77EM6BKM47JMR3TICLJ7I34T7UV4EZFNLUS743VU,LTZ7SPXIQCU7UGGRVIAGTX5K36GZ47CGH3MMJ34KUROPWN6PGV6A,1687124628,2023-06-18T21:43:48.000Z,796425061,200,11.414000267422747,0.057070001337113735
409.algo,OJMRO6OGTQR4GMOKU7GMRQMAQ6OWNLAJAMPIRILWNOSMV2CKXCOY76S42E,24AYTXF5KZYGM57UR75N2FZ5EZJRZKAKOAFMONEUNHDWMVUP646Q,1687100011,2023-06-18T14:53:31.000Z,0,5,0.5916323022190444,0.11832646044380887
traveltech.algo,XFCZEMYFV2KZ3SY4QEF4JMCT6XJKVAU2QHQYTP4PA7STUOJD53IIXTX6ZM,SJ4GBTM65CYF3AWHNI4RVRPNVBPTINKEFTJAIFEQPMI6NYOCHITA,1687098782,2023-06-18T14:33:02.000Z,796425061,100,6.248979798555827,0.06248979798555827
jaxnole.algo,AAC2JBF6S6WIFE3SIWKDJ46HOBOXFBGBMMMSJDMIBE25SMBG4H2D2TJ3XY,DYMI5MEUPLRYBAL5GTTVV365XLOCMP5GQ3ZJQUMXA7RG2ZX4QZ6A,1687098410,2023-06-18T14:26:50.000Z,796425061,250,15.643925554864754,0.06257570221945902
native.algo,DLO6VI4XJJWZOYUHSEKP3MVQZXGEOKDJUTTL5NJIS7UMXAPETOYLX3KNVE,A3O2BZ6BJIL4ZAMNBK7EGKTTB23MI4QKVL4HFFYBHUZ3JT4AAZIQ,1687028877,2023-06-17T19:07:57.000Z,796425061,16000,1116.8758923088303,0.06980474326930189
goannabe.algo,2YNMNHBUF7ZMT4RULXMY2U7WJYBYKCMX4NM2S6OBQBPVB42BWSXYXMQ7OU,IJIMZTS2XOQRYCLFUSPFJDZWMRU5FUNDJOGEVRE45W7WRQ4KUJLA,1687017882,2023-06-17T16:04:42.000Z,1107034824,86.975746,28.189499532392983,0.3241075912403555
409.algo,OJMRO6OGTQR4GMOKU7GMRQMAQ6OWNLAJAMPIRILWNOSMV2CKXCOY76S42E,IR4SAXMU2RMNCKDTJT3FZPJ2SIUQORCL3JIMZOSHZRB2PBMM7OQA,1686900673,2023-06-16T07:31:13.000Z,796425061,100,6.818475840152091,0.06818475840152091
bso4life.algo,MXSQS4VVGGQDVFDVCG2PKGYKMMJLT25SRTCZDMIQLZSSX53F3GQWRHYWTI,7LNKWVV7XFYMVPJ7FBISLKQEKGVLNDBNJNWQ743XSX44N2RQJXVQ,1686898999,2023-06-16T07:03:19.000Z,796425061,22.2,1.514273755131838,0.06821052951044315
traveltech.algo,XFCZEMYFV2KZ3SY4QEF4JMCT6XJKVAU2QHQYTP4PA7STUOJD53IIXTX6ZM,JVCYIWDMTLRD23NIMQAUDJLTHNCK5YJ56AGNDETGCZQGHP4S7Y2Q,1686867000,2023-06-15T22:10:00.000Z,796425061,100,6.793543958311485,0.06793543958311485
bomberharris.algo,Y5MR7GPJZAY7H7QOTS3MONOSOKVEEVGSRCUMBS55IP625TSEITYV5LLGF4,K4G4JMVZHHQXRT7PWBYE3N5HG4VGVKCXWS5QV2NVQTXOU5A2RZMQ,1686863882,2023-06-15T21:18:02.000Z,796425061,500,33.99598903383638,0.06799197806767276
animalstyle.algo,MRQZC23CLRJJXRHXXKW3GIALRAFIVB6P3GNSNFLKWJ2QK3PYBTSSICIZU4,YH6ULS3VN3YCKRZQJTZPG2ZJPOCQVWX7MJL5VF53FFCGWGLIXDJA,1686815107,2023-06-15T07:45:07.000Z,0,20,2.2382325877812455,0.11191162938906227
animalstyle.algo,MRQZC23CLRJJXRHXXKW3GIALRAFIVB6P3GNSNFLKWJ2QK3PYBTSSICIZU4,I2JZAGIX5GGXOIFSPDIFL42IRZGSTHFBM64YB2MZJKOFCO2RRSWQ,1686815029,2023-06-15T07:43:49.000Z,796425061,15,0.9955365226695883,0.06636910151130589
murphvr6.algo,5KZKSGWEWL5ZYT7F24YZ5E4GLCHO2IFEFPPBLBLKS3PEFNL7WEF6TJRWIA,FFK5SAFWBBNGKQBLU5B4KIARD3RW4F432KMVZ5EABHJEFAV64LUQ,1686781618,2023-06-14T22:26:58.000Z,796425061,14,0.9118157233531784,0.06512969452522703
lengthy.voi.algo,B5TRCMP7IDCX76LVT62DESSWYZT73KOKD3KEQTYEMN4WIADPBOZ2ZSLOYA,EMNO5JGMZ4DLW5MOKWFWI2FVU3VAA3XO3WVVG6FY7GIDK4KZPO5A,1686748662,2023-06-14T13:17:42.000Z,796425061,50,3.5388745265042236,0.07077749053008447
yazyyyyyyy.algo,JHYAWJDTEO4ES25H5XD4M3JVSPAVP7GL2R7RK2DIS5PKJNIY44FKTM63HI,RWSNZHEFXI62A2VPQFUSSHULDJHSQFUFVK32LSMIP6OKQXXFGKDQ,1686738230,2023-06-14T10:23:50.000Z,0,69,7.924218811178088,0.11484375088663895
fisherman.algo,NXI7MODRDUOVA7XQK2P3HVP325P26BOBWTADLGJUUEQ7ALMOVIQBIAURWM,E62LQ5UFJ2KBZ2HLDT2JVG5JWUFYNWTSN6AZB7LMUI7T4IXXPCEQ,1686682460,2023-06-13T18:54:20.000Z,0,1.108,0.12461061441619792,0.11246445344422194
thefutureoffinance.algo,6BPGVJNRGHRU54F5MG7YK47JSAZ7TALSEKEE5IWO7ILB6Y5KLOVXDUWIWA,Z7X5BDZHQTNXBOSQLLAPDGESC4XLW2KUYB4UILBP6GYMUQ3EP4XA,1686662725,2023-06-13T13:25:25.000Z,796425061,250,15.48734959999581,0.06194939839998324
fractalverse.algo,FR4XSE4W5HPTYTUE7KKPAFAJ4C27NIPE5FCJOMYX7MHWWM3DJ45NBLXP5I,HN2WTTGEZ2MVY6MOMCCQDI5QSDCSBQUJSTHDYL23X4YFFSTEA4ZA,1686593933,2023-06-12T18:18:53.000Z,796425061,13,0.7736354820691457,0.05951042169762659
paulie.algo,HMU6VVEFQMACFZMJWUVCEVDX2VQGFRQFT6GAJR3JKX4532TSNFXVREXPJI,C5WZLCTWHR4I7Z3P5EAQD3SNDELLJWVRD5GVA5FYXIAY3TQZIYBA,1686585151,2023-06-12T15:52:31.000Z,796425061,2000,115.56028747661112,0.05778014373830556
algo101.algo,WJI3BDYLP7YZMU5GDOAGQIY3NSWBIYB5ZZPSWSS7A7F72XESSJNA4HSGFY,5APU4EWV6LHBZZKG3ZCHYBL433MFKHWKRP566MWIRG3TMXCF2JXQ,1686580670,2023-06-12T14:37:50.000Z,796425061,587,33.1538754519593,0.05648019668136167
fisherman.algo,LVD6FPALL5MIYD6RWY4BYQO3TBJZJU7DLNGLHHTQQB6BTIHI6JTBSP2MZE,UR2ELEOWX6AVYDBFVXRUPVAJQICK4DMMFDXPMZ5UZ5Y4BIAGOCKQ,1686580261,2023-06-12T14:31:01.000Z,796425061,196969,11124.847860131127,0.05648019668136167
508visuals.algo,BPVQAIMY5KXPAZ5OJ2V4HHXVYUJKPGGX3EVBIFULUE5M65MBE2I2HAG7SU,I4QTMKZ5EVPVLLZDWUNWJDYXKH4XUTVYAXSZ7TSGGLFKXWWEB53A,1686542354,2023-06-12T03:59:14.000Z,796425061,30,1.9352566575425165,0.06450855525141722
metagrat.algo,R3HZ3BIEFNRIK37LNOOCBCKOFBFJXSESOYO7DCDVUAQUNFD4STNWFOKJMU,H5HWUSXN2R2A4QN5OFUAMIICYX7HGJBE5H4RJTEBW3F2KR62LQJQ,1686541203,2023-06-12T03:40:03.000Z,796425061,100,6.442349769066763,0.06442349769066763
basketb.algo,BSKX6GSPTSY2KKXBO5L367OBY5SJT6GD25FV3RY25VLOGCMORQ6COPCOXY,FWLF4GTEQ5EV7GUGLHSH5SBWZMA7MZIAJYCRFRZICD56J5K2LUAA,1686541088,2023-06-12T03:38:08.000Z,796425061,100,6.442349769066763,0.06442349769066763
distributed.algo,U3U4S7UPIHOY2LOKWOIQZEJK566UUDBDBBTZRTU6TKWMA6QT65SY4FBI2Q,2USL3SC7DTQAWA6ZRWUL24Y4ZALACQ6AWWREZSMVLBDVHDWNFMYQ,1686533431,2023-06-12T01:30:31.000Z,796425061,1234,79.01202051208368,0.0640291900422072
dthirteen.algo,JPEGRZ6G4IBZCOC7UV6QZWJ6TENNKRIPENUJTLG5K7PKIKMVTJHUGERARE,QYIGFX7QSDAKKPIEI2JAIABDZTIBO5IGZEDXPPCKLTEC4RXUKRQQ,1686523944,2023-06-11T22:52:24.000Z,0,1.108,0.12366126528397935,0.11160764014799579
jamesstrope.algo,6EZWLKLMUP2XH6QKZ77IFH5COX6UWN2S367573OWI5QFTQCBSDTTJU3TRU,2GY3A3FR6WBUNMJDHXOSCXSN4M27SC3PRG4JGTNDBZ3ZSWYDYDTQ,1686522232,2023-06-11T22:23:52.000Z,796425061,76,4.3504813854797035,0.05724317612473294
brooks.dragonfi.algo,B3FAPQSMRVCACZ54VUY25JOKNLSHTHB2Q2GOVDYNOC46ZRQ56GLVTMMIUA,XB44QDBD3ISXQ6IMUW6PN6OBOLGEJOAYXSYXVJFQTPX723GETRNA,1686521811,2023-06-11T22:16:51.000Z,796425061,420.69,24.0816317639139,0.05724317612473294
,TD6Z43BWOGUY4XKXC6VNYDSDW3YTRTXW4UD7DEWORTFDKSGQPEBS7KXL3Y,GDD235J2HR3RLNMLJLE4QK2PJMGFU2GJW63CNS2XY2JXIMIIVGHA,1686521596,2023-06-11T22:13:16.000Z,796425061,639,36.56573480992212,0.05722337215950253
paulie.algo,HMU6VVEFQMACFZMJWUVCEVDX2VQGFRQFT6GAJR3JKX4532TSNFXVREXPJI,TTUTZNUGF7QZ552OKTPI5KV2LOZUO7D45GKXKMN3QWI5W34RS3KA,1686520790,2023-06-11T21:59:50.000Z,796425061,6000,342.3852300188771,0.057064205003146184
traveltech.algo,XFCZEMYFV2KZ3SY4QEF4JMCT6XJKVAU2QHQYTP4PA7STUOJD53IIXTX6ZM,ZQN73UIFDHDZ4QXM23OQYO52FG2LQ554LVWTEZT227JCM4LIKQHA,1686511785,2023-06-11T19:29:45.000Z,0,50,5.614229965158823,0.11228459930317645
bso4life.algo,MXSQS4VVGGQDVFDVCG2PKGYKMMJLT25SRTCZDMIQLZSSX53F3GQWRHYWTI,NU7MUWA6J2DJTZ5YOSJWO7IAF2AXCDR7UCVV6FGCOECLNNGI766Q,1686510578,2023-06-11T19:09:38.000Z,796425061,58,3.222949289649597,0.055568091200855124
candleinvin.algo,BVHJC7BNIXZB564D2T3J4HJD7B73CTFOZP5CDJV65QJCIGS24D3HZK353M,I3YMFLCRFYAKYAOQBWPOD2V5YTOI3I56H42EFNEC75QEKMAXSQSA,1686508363,2023-06-11T18:32:43.000Z,796425061,3570,197.34104454436076,0.055277603513826545
lionswrinkle.algo,LIONS6PJKO5GEIAW5IL2XANQLR6L3GJ4F75VUJN3Q53RJAID4PGJZQG4OU,BN7MTV6RPTVQMPGSBN25JY6G6CKQRUQD3TADX7WSUY7HPGVWUESQ,1686506233,2023-06-11T17:57:13.000Z,0,200,22.1837826064161,0.1109189130320805
,PZLP5YEMHZBHS45I7JIGFP7I3D2SVBNREVMFSMXJNG5BFHUIWFOONTO5DU,KFPVHMC6GUFQYVFHQHLI3YZ77LDDN2X6IK5ZTL5FRH2EKQ2JSHQA,1686504899,2023-06-11T17:34:59.000Z,796425061,0.2,0.010871097883747367,0.05435548941873683
,DWJGXQ2AAZHAWXD2QDJF7RQUJD3SB5FJC66GMA6SWOCILIYCWCDNYYZ2LQ,HE35OE23N7HB4JDMYKESNFBARSSSQWE6OJAKIPY72PGV3BPWQFVQ,1686503153,2023-06-11T17:05:53.000Z,796425061,500,26.88198072483498,0.05376396144966996
,FUDPZGQ33M7RHCQGNGF5AUY6SLBEAK3PHYFFXPBN2UWN4BB63LDJMWAIQI,MV3BNK7LNSVDO3Z44S2EHDN66YJKMPBKVZWZJKOWTNHDJFK5OC2A,1686501696,2023-06-11T16:41:36.000Z,796425061,200.318838,10.71644062373513,0.05349691886558931
boredless.algo,5DYIZMX7N4SAB44HLVRUGLYBPSN4UMPDZVTX7V73AIRMJQA3LKTENTLFZ4,MPENYXLUSR4R3E74M5QGSRENYZB26T2XMNDUVLFGLKNAL3PMKYOQ,1686501681,2023-06-11T16:41:21.000Z,796425061,470,25.14355186682698,0.05349691886558931
cody.algo,L7C2IEQPYFZFPQ5RYTGOEQH46UKTTA42BICJFN72ZLCVHR4X4TVBJTFDLM,SOWBJLR5DLWD2NZ2EETOLGGFUZHGTSIRZPH73TSY2IFMEROKDX4A,1686501339,2023-06-11T16:35:39.000Z,796425061,69.670125,3.7271370244804656,0.05349691886558931
fisherman.algo,NXI7MODRDUOVA7XQK2P3HVP325P26BOBWTADLGJUUEQ7ALMOVIQBIAURWM,77TNJOMI3S2DA76526OH6DHGMBHMJBCAQQKBWQUPH3YQBBJ2KFAA,1686501075,2023-06-11T16:31:15.000Z,796425061,7000,374.47843205912517,0.05349691886558931
cryptoforchange.algo,OFLWBWKRI2WY2HBM3IGJZELVYEDQHVMQBBRMQZYJIYL5ZAEJKOGT27QLAA,7PKBCCRRXZUQ6PCAZPNH2AUC6QD4RUR74UNTB624G6HXTFZCJ7KQ,1686500924,2023-06-11T16:28:44.000Z,796425061,500,26.294598837588598,0.052589197675177196
jordancc94.algo,2M4G7QRR6ZMUGR2MBLIVVG4YBH2KKPDBYSHDYO766GSYOEJLTNRK3C2CXA,Y3VQVSC6VSPOSBFOIIRJKBEY54SLRUAKSNUWVMO4IXESO6ZOWSRA,1686500401,2023-06-11T16:20:01.000Z,796425061,50,2.6294598837588596,0.052589197675177196
anonymuss.algo,EHX7TF5FVLQYQLBBGZ2RLEWZIMT4Q66ILRKVBRTOJJFY3GIFDC3NPUFC4U,LSYHCMLMVG4H74TBNNZGMUWGB7BCTNKIH5X3DCBGJ4YIQYLM6CLQ,1686500212,2023-06-11T16:16:52.000Z,796425061,1000,52.589197675177196,0.052589197675177196
algo101.algo,WJI3BDYLP7YZMU5GDOAGQIY3NSWBIYB5ZZPSWSS7A7F72XESSJNA4HSGFY,FAODBTZZDTWTOV4UUDVHUI6A7YB2FGRJ4TW5ELU4RP5I4XOQJLQA,1686500174,2023-06-11T16:16:14.000Z,796425061,662,34.814048860967304,0.052589197675177196
fisherman.algo,NXI7MODRDUOVA7XQK2P3HVP325P26BOBWTADLGJUUEQ7ALMOVIQBIAURWM,Y6MQHK3PW44SFCIBLUVENRHXKXO3RTOV4AJ33KLPHNLS3YZST3DQ,1686499967,2023-06-11T16:12:47.000Z,796425061,3000,156.00341875642403,0.05200113958547467
moistgrannies.algo,CBSN7BZX4EBE3JBHDH6WXI56MSUPUBVMYRRBGGOXZU73GJ7FKND6HNOSUQ,6LE6JZ2RMBRDTCN77QBORUSO7WB44NI2TQY6EBDZN5FTHGM62CXA,1686455510,2023-06-11T03:51:50.000Z,796425061,9.87,0.545050975524006,0.0552229965069915
wr.wompcrew.algo,NSVWDITLQD2LG7GKJA5CO3OM54PLWF2ALB7YBW3645SZ2ZGYK6AP4ZGJ2I,63BJZONC5WFH6CFMN5S46UX5AP5IIJDHZUQYFLKRY6WCGVNNCXTQ,1686361826,2023-06-10T01:50:26.000Z,796425061,100,6.007767598764345,0.06007767598764345
fisherman.algo,NXI7MODRDUOVA7XQK2P3HVP325P26BOBWTADLGJUUEQ7ALMOVIQBIAURWM,J7TVMPJATQXADXXLD7CVJUOYEQH3DFE3GR2LMUHRN4BOGWWYROWA,1686341385,2023-06-09T20:09:45.000Z,796425061,1000,64.03370315444984,0.06403370315444984
cyberware.algo,DGLTCFMANL2SMLVIAZ4KC2KIXSV7NSW27Y5SR23TKF5F64R5RKRPJJKC2I,NJTWGGJXM56DWJBM5EUXL4VTQTUYKB6UVUOEARMEU6E2EOCWI7VQ,1686310474,2023-06-09T11:34:34.000Z,0,25,3.1177776088147677,0.12471110435259071
thefutureoffinance.algo,6BPGVJNRGHRU54F5MG7YK47JSAZ7TALSEKEE5IWO7ILB6Y5KLOVXDUWIWA,RYFTKRRWHSOOWFZNWPG2KFN6GT7F56AS4C3NAC7XTXOVDGEIVYTA,1686294582,2023-06-09T07:09:42.000Z,796425061,250,12.794888372942063,0.051179553491768254
rydo.algo,RYDOEMPIHEMTA27KJCVGAFPQJPAV2BJDM2NCOVF5HEXEEVISE2JEA3TPTM,PCOFGCIP2ECNNISUMW62XVK2OSHDUHCK3LCKB5R4BWNZWI3FBADQ,1686287115,2023-06-09T05:05:15.000Z,796425061,200,9.895645027683257,0.04947822513841628
,F6XMSV2GUYLLRWS25SNJKQCD7PLDKLIPXHGOLIE6N7OSFFMVUVBYIRYUQE,J7SLPPI42EVFAUS3CCKVD37SEIATTEM5XIG2QP7ZLAY7KLA22AGA,1686268159,2023-06-08T23:49:19.000Z,1103395709,50,9.675288819624488,0.19350577639248975
kunstmusik.algo,2HYTI5GAB3WAJL5MZKQYUHZHYQJBEUD54OQNFZNBCPZXFPVDZOSCGUNORU,ZP5CTL5XICXRI4J7PJYHYDDBJARDAZM256HME3EBJU6ETIC6BEJA,1686267347,2023-06-08T23:35:47.000Z,796425061,12.1,0.6087107782519402,0.0503066758885901
raider.pro.algo,YGX3DYWGSZERSQYN7M7J3IWXIOURDX6RFSOKQJPU4RPC2RTZIOBFTDH3OI,N6FZ2X7XDKAOOSQB57REXQOJ7C6BSVKIZCH5F3MNQ4IGIDCYFRLA,1686255181,2023-06-08T20:13:01.000Z,796425061,100,4.553677220561249,0.04553677220561249
theheightenedperspective.algo,V6TJNILOYYT2QIY3VGVKOTKOPPHPFH3PYUAJRUGLNBZGNYQH6FUDEBUQSI,MUFPUXSYFYENIXOXXAXUGH4DXVWLNWH33RNVL7MMJKRMBHS3B4WQ,1686254994,2023-06-08T20:09:54.000Z,796425061,1000,45.536772205612486,0.04553677220561249
theheightenedperspective.algo,V6TJNILOYYT2QIY3VGVKOTKOPPHPFH3PYUAJRUGLNBZGNYQH6FUDEBUQSI,ANS3OSHVRUMXPD6H6HUT4YQQE4XHTJ3QSXWRL3VKUVF2BTB4UDQA,1686254960,2023-06-08T20:09:20.000Z,796425061,1,0.04553677220561249,0.04553677220561249
fisherman.algo,NXI7MODRDUOVA7XQK2P3HVP325P26BOBWTADLGJUUEQ7ALMOVIQBIAURWM,KQRD3II3BKTJ2VOPLFOR7V5PJUN76ZPPMM4DWF5PBSZSQRVXT4TQ,1686187677,2023-06-08T01:27:57.000Z,796425061,1500,97.70707838078545,0.06513805225385697
fisherman.algo,NXI7MODRDUOVA7XQK2P3HVP325P26BOBWTADLGJUUEQ7ALMOVIQBIAURWM,IJD2EKC76CVCCLWOMW625TC7HEXGFEV7O253SCWDZXHGN7QFKPEQ,1686185943,2023-06-08T00:59:03.000Z,796425061,2500,158.19109667762322,0.06327643867104929
fisherman.algo,NXI7MODRDUOVA7XQK2P3HVP325P26BOBWTADLGJUUEQ7ALMOVIQBIAURWM,DOWW65SAID4ONWRRTY7C432I6LU22SFP55D3EMPVYRNRJJE6HQMA,1686184521,2023-06-08T00:35:21.000Z,796425061,100,6.244780370786454,0.06244780370786454
jeremy.algo,BTV72TLOGSJHTWKSVMKUFUFJU2M6QJWMDUOMO4RCC42ALTF2HIKW6DQPDU,4L2XEAR7MUUNOMK5VKBQ6JMZSRFCSBC3XA6JBRHJPCTC5X3XJUIQ,1686125106,2023-06-07T08:05:06.000Z,796425061,420.69,31.460912409848966,0.07478407475777643
bso4life.algo,MXSQS4VVGGQDVFDVCG2PKGYKMMJLT25SRTCZDMIQLZSSX53F3GQWRHYWTI,QILTGQSZNN7EIGYIGNHDNZ3YYUH3DSE2JYM4BMACUUE4GNNVT7EQ,1686083706,2023-06-06T20:35:06.000Z,796425061,11.1,0.963307404198978,0.08678445082873676
,5HSCRRVNBZ467TGJAAOIBT5553SYB2FN55LO2FG7WTPS5UR7LLZCLGHXJU,ZEGGLKUMJVXMRBF4UTEIWFLF7PD45QAWHG65KYUPN2SJOJWGNW5A,1686053485,2023-06-06T12:11:25.000Z,0,40,5.412042435238808,0.13530106088097021
joyride.gekofam.algo,B7GK7QBZYACTSHF2FPACBKMGMD5TOOHS2ERCAHX3KQNDLHYJSV4ECO2KEU,HWFEFX352BZUIG3DW5GEIO742C4MEWGTEAEL27ZKUECFDPKNFVHA,1686012560,2023-06-06T00:49:20.000Z,796425061,1000,89.44081556759323,0.08944081556759323
jaxnole.algo,AAC2JBF6S6WIFE3SIWKDJ46HOBOXFBGBMMMSJDMIBE25SMBG4H2D2TJ3XY,562TAWM26QY5MTDGEB7D6UHNVZ77CNE7ZIZVFDZCUKFN2MTXX2TQ,1685973344,2023-06-05T13:55:44.000Z,796425061,1000,74.70865782924486,0.07470865782924485
stango.algo,XYEJCACB6BF2NU32K5UL37TN24SNBFURVEYUFQ2RR2XEHKUOZH5WSZTM7U,O4YV74MED5NYRBHCO6LVIS7YR3GDN6G5QTKSITQCA42XRDPAYDMA,1685967595,2023-06-05T12:19:55.000Z,796425061,49659,3532.1756295667933,0.07112860970955504
michaeljordan.algo,TIGER4VK5MHK2TIE2DLV5LQSJLZQROKY4H5VC3HXNTMDOPPMSPKKS4TK44,DGRVHFTC5PVPSLIA46O5XWXDUNRHMX5WTRWSDQHRO6GHOURCSBCQ,1685888035,2023-06-04T14:13:55.000Z,796425061,100,7.599187657320505,0.07599187657320505
andynguyen.algo,FTDVCZ7HNKANT3YXZOYJP55WDLVKZI4BMDHKQUMTH4FEIRY4Q6NRZB5OLI,4V24TQY3YGABVJ5IF4HQSKWNLR3BD57N34F333OWI6CM4SNSXKXQ,1685887379,2023-06-04T14:02:59.000Z,796425061,10001,759.9947576086238,0.07599187657320505
maui.algo,VXNVFUF5BTXJXM6GFRJ4J57KKAXNNT5AQ6IKI4RTYBFJGHOCVWYLJSU36Y,U5G3T3GE2FXPYQFNYKXHSKW25XRKI5CW2TX2C6LG2LKBOFCN637A,1685882002,2023-06-04T12:33:22.000Z,796425061,10420.69,848.3390976702962,0.08140910992173225
,MPJKLGXAKOTBTFW2UBSVHME5HX235QBQYXIURGRVGIZTJQCE4X4HHG4KH4,5MKP7ZNUWOLGZ3AMACOODVTVDOQFI2WVM7YKDTFA5D5ICWHUOBVQ,1685881910,2023-06-04T12:31:50.000Z,0,200,30.401480922269442,0.1520074046113472
vip.algo,GF746HJMTCM7M7KHMJYQLWG6CN4DVHC3UTXK4PU4CU2CF3FT5GXH56ZOVM,AA3JC435KXVQZOQK3TF4HV4ZPDHTRV6QGUPHNPKJGNG6BGTH5QUA,1685878736,2023-06-04T11:38:56.000Z,796425061,1286.58,98.30076034780477,0.07640470110510406
,LIL7TG5F63A4Q52AER6OG2A3ITSMGZVPPBS25H5QMYFX53MKPX2NQRA37U,WPBJSPD3YBEBWWMDYA56G7HEXJIMOY3VEJZTK6Q73XU5KJMAKQFA,1685875116,2023-06-04T10:38:36.000Z,796425061,0.1,0.008435770809759538,0.08435770809759537
,E24CKCGHDMCL3XGOWBMJPLY3L27WMZA6H7HBRG74IUAFT23I3SIFIS7KJY,FCCTWPJ47I6ZTRIWU6NNLOH3LN2XHIVD7XGTQT4ZKOZSMOSKZJZQ,1685873076,2023-06-04T10:04:36.000Z,0,50,7.594938115296393,0.15189876230592786
candleinvin.algo,BVHJC7BNIXZB564D2T3J4HJD7B73CTFOZP5CDJV65QJCIGS24D3HZK353M,7BNHOXZF7XBYKDOHKPNI66JN5TQEXOXHNH7UKWHXGP3P4WK7EDPQ,1685853615,2023-06-04T04:40:15.000Z,796425061,69.42,5.376694415773106,0.0774516625723582
algo101.algo,WJI3BDYLP7YZMU5GDOAGQIY3NSWBIYB5ZZPSWSS7A7F72XESSJNA4HSGFY,JAV5JSABQV2HJ7MSNEHLSTBUONPRHRCSZDO6PRVMQ5GHHUMHME4A,1685837024,2023-06-04T00:03:44.000Z,0,1.108,0.16753329567056952,0.15120333544275225
,FXZFVPZE7XT56RK6RRUXBQF6GHLMA2IIX3SHDKSKJGWSDK3FSQSX7F4XWQ,EIZWLPKNWTG4J2KGC7OOYIEHZC4UKXQQF7YTW35GNN36P3HWNWFA,1685835902,2023-06-03T23:45:02.000Z,0,27.284926,4.124483367030982,0.15116344339841647
,FXZFVPZE7XT56RK6RRUXBQF6GHLMA2IIX3SHDKSKJGWSDK3FSQSX7F4XWQ,73CP25O6B6Q4KMPQ4CU6J5HZZ5KRH3IFZ2UZI5SKJKRBZ6IAPFGQ,1685835704,2023-06-03T23:41:44.000Z,0,9.143706,1.3854268474573717,0.15151699403473512
cryptoforchange.algo,OFLWBWKRI2WY2HBM3IGJZELVYEDQHVMQBBRMQZYJIYL5ZAEJKOGT27QLAA,K3WN336TZ36CZ6QIFLNX3O5E23ULNSTPMO2CFPH5I6HGWZOODKEA,1685834760,2023-06-03T23:26:00.000Z,0,230,34.72952646182727,0.15099794113837944
cryptoforchange.algo,OFLWBWKRI2WY2HBM3IGJZELVYEDQHVMQBBRMQZYJIYL5ZAEJKOGT27QLAA,VHM7QFSYQPZ36WFMD6VR7VKCQAYD7ZVWAA4RN6K6MQTXKD2PIVZQ,1685834737,2023-06-03T23:25:37.000Z,796425061,500,35.39661600864528,0.07079323201729057
,NKZY75HAAOZGFP7527YIY7KMSFDOKOJHMUNTVFBNRENF7WZI7EEF2BIC24,VQ4CFQS4NNUTIJJJGI2NKULH2DW27HFDBD6KMYB3AD7QJLMHB3UQ,1685832338,2023-06-03T22:45:38.000Z,1103395709,100,24.29688325458331,0.2429688325458331
tradingclub.algo,HGOXKIOQDC2QBI4GYXA3RMYWJ4O26BIAUBAJ42O2R7USZRQ5ZSGW6YWPKM,PS3V3L6HAG4M23MUBUNY2YJRT4HEAZFHUCFZCTFZYVEDRGIXENLA,1685822576,2023-06-03T20:02:56.000Z,796425061,100,5.707915328175591,0.05707915328175592
,UMRT27ID5KV46TZMDXWRYQWEUUV7CMAJHEG6Q4QCVW2LGIREKULQNZTFFY,HMWARKLSHB5IMK3OWAKXE6SRXTFS2DCZVO6CVRXNAERMEUEBCQNQ,1685819201,2023-06-03T19:06:41.000Z,0,50,7.562181060997991,0.15124362121995982
,FLQYEC6WTQWIELGB77QP2VFRRONPTRN6A5XB2B6HPL2RP3IA3MLLINY64Y,QSKIEMTKHFPLG3HU4OP3WISQI7ZSVA5SKEXXWTHNGHLMERKFXFWA,1685812594,2023-06-03T17:16:34.000Z,0,100,15.17008357517448,0.1517008357517448
tomravensberg.algo,ILYXSZTSTUPH76SNF5UYZLGAI2T6QH7UVML5TM47O5HEISMW4U7UABJI7E,UFPSFZJGIZYE5GKYV4HM7OT76TC2PDPVX3MZF2SEEC3CPIUHNEXQ,1685810433,2023-06-03T16:40:33.000Z,0,130,19.75478836015018,0.1519599104626937
native.algo,DLO6VI4XJJWZOYUHSEKP3MVQZXGEOKDJUTTL5NJIS7UMXAPETOYLX3KNVE,BEFIY7PZNWCTZYAZXMLCZHSU5CVPALB72UMAXNRHJCG5I5AXD2AQ,1685803374,2023-06-03T14:42:54.000Z,796425061,4000,203.8512318970755,0.05096280797426888
fisherman.algo,NXI7MODRDUOVA7XQK2P3HVP325P26BOBWTADLGJUUEQ7ALMOVIQBIAURWM,Y4YHDN5UDIXE7NYWZ6IBHILNSODH7NV3IORKKBKUELDIBTD2O7KQ,1685802903,2023-06-03T14:35:03.000Z,796425061,9000,458.6652717684199,0.05096280797426888
,Y62CBYMYBVWJG2LCORAAVBKBGK7I3WBS24ANNRP5XGQSXOPAZRYDNV4FY4,OJKYO3XYQRRE7EZQEGXIWP3LRXDAALTVL26DDJULLGTA2ZHNQO2Q,1685802737,2023-06-03T14:32:17.000Z,1103395709,1000,208.97795151611032,0.20897795151611032
jaxnole.algo,AAC2JBF6S6WIFE3SIWKDJ46HOBOXFBGBMMMSJDMIBE25SMBG4H2D2TJ3XY,43KVTOKVHFZKHX4E3DP2GLAMN6KJJF5BI2MLLDMWZLETDWGL2AJA,1685801910,2023-06-03T14:18:30.000Z,0,500,75.76063408137692,0.15152126816275385
stripperfund.axiomartist.algo,RGT6XJWQVGHXGSSQFI22ULQL4OGN2EIJVHVTG35BMADBKICOSUOMIJ7IYI,Q7QWXG4LM3W7LASX2PB34NNAJH4VIPMG3MSS3JSAB4SKT6JEA2GA,1685801229,2023-06-03T14:07:09.000Z,796425061,5000,240.33046873909964,0.04806609374781993
,CESUKTCKPQZQJ2ZOP5K6M6557S327ZNIWYSIGD7BMLAPFWDJDQWFCHZNMI,KWFR7ZXSBTI63QJ77A44UCUG6H2JYINVBND5AKL3LM53EIDCTJNA,1685801187,2023-06-03T14:06:27.000Z,0,50,7.577109867997138,0.15154219735994276
kunstmusik.algo,2HYTI5GAB3WAJL5MZKQYUHZHYQJBEUD54OQNFZNBCPZXFPVDZOSCGUNORU,SW7PCTXXSUXN5KBI5EL5BVD7YP63QTWPMSNYADSHCWVIS64MDPUQ,1685799395,2023-06-03T13:36:35.000Z,0,50,7.5714388069259275,0.15142877613851854
,F6XMSV2GUYLLRWS25SNJKQCD7PLDKLIPXHGOLIE6N7OSFFMVUVBYIRYUQE,ZLAWLZXROBDBFULBLISATOK6FKIS4U7A4N6NDRVSLQ76KE4IANNA,1685799330,2023-06-03T13:35:30.000Z,1103395709,50,9.991908966077418,0.19983817932154835
,F6XMSV2GUYLLRWS25SNJKQCD7PLDKLIPXHGOLIE6N7OSFFMVUVBYIRYUQE,UBR527YKFL43OHJDKYCRNT52VZQC6WFN7553HOIXGXIAOJH2MT3A,1685799179,2023-06-03T13:32:59.000Z,796425061,25,1.1657029670020114,0.04662811868008045
,F6XMSV2GUYLLRWS25SNJKQCD7PLDKLIPXHGOLIE6N7OSFFMVUVBYIRYUQE,W36OT3FFMTOMYVJYTHHTIKEAG44FACZBNWDLXZBFN6HRXKYF4CMQ,1685799152,2023-06-03T13:32:32.000Z,1103395709,25,4.995954483038709,0.19983817932154835
vip.algo,GF746HJMTCM7M7KHMJYQLWG6CN4DVHC3UTXK4PU4CU2CF3FT5GXH56ZOVM,KSAWG6CSHRQX2XNWTQA5JCWNLN3WEVQHXEH3K7LQKV74DHOIGAUQ,1685798859,2023-06-03T13:27:39.000Z,796425061,690.42069,32.97628513064071,0.04776259693295215
paulie.algo,HMU6VVEFQMACFZMJWUVCEVDX2VQGFRQFT6GAJR3JKX4532TSNFXVREXPJI,QFQ2D6SZT5EBLPPOHUON7UGDV2OZDDWLUQMS6Q2EWSF253RUF4MA,1685797403,2023-06-03T13:03:23.000Z,796425061,1000,48.17130047509957,0.04817130047509957
,PRN6HBBOGI4VT5VWAWZQUUT3ZRLCIKEOX4YIKOXLFH645S2F22FFVK2GR4,2YFT7MVCC2OTPYOULMDBR553QP7JZS4YXMTOTZH5BQVNMEKQA4AA,1685796928,2023-06-03T12:55:28.000Z,796425061,2,0.09422503538951078,0.04711251769475539
goannabe.algo,2YNMNHBUF7ZMT4RULXMY2U7WJYBYKCMX4NM2S6OBQBPVB42BWSXYXMQ7OU,PAR2Y6SETALW6KGKEHYIIOU7UI6B4GHHYB4OGDSYPGG7GUNZCKWA,1685796920,2023-06-03T12:55:20.000Z,0,100,15.140712282856683,0.15140712282856683
fisherman.algo,NXI7MODRDUOVA7XQK2P3HVP325P26BOBWTADLGJUUEQ7ALMOVIQBIAURWM,YBT7Q7JA6QV3UMQQYRRHXDDINXEJVNHRWEB54NPIT6TGMHNRBGKQ,1685796488,2023-06-03T12:48:08.000Z,796425061,1000,47.11251769475539,0.04711251769475539
,3ZOVEQE6EVPHJJTDYV56PGHNTO5PPSFAQ2PEWSMO3P2MFTFNWZFAABC6H4,47D2SGMSPRC6UYWD36QQD5JNE3LSTSMFENLJCPOGR6OIZUWMWGNQ,1685795398,2023-06-03T12:29:58.000Z,796425061,250,11.145638817153701,0.04458255526861481
goannabe.algo,2YNMNHBUF7ZMT4RULXMY2U7WJYBYKCMX4NM2S6OBQBPVB42BWSXYXMQ7OU,YBPI6BGCCLQ4XCIBVOEKZC7AX7WPWUDPWEVIGF5Z2LWCIZPHO3AA,1685795364,2023-06-03T12:29:24.000Z,796425061,50,2.2291277634307405,0.04458255526861481
filipelima.algo,XEGY7HCIBBMWVUJ4HHUQKF3SA6D52SJXSAAMDVRMGQZLG2GKBW2YYI4PFE,KJVHWFWXZM5VCLAEAWH7DUETGGU2QD33ABQ5RFYKVR3T26QDPZNQ,1685794873,2023-06-03T12:21:13.000Z,796425061,50,2.2291277634307405,0.04458255526861481
stango.algo,XYEJCACB6BF2NU32K5UL37TN24SNBFURVEYUFQ2RR2XEHKUOZH5WSZTM7U,KHJKHZPC75UT4JORIWTCOLGMZS2YPYB7LN4SL5YUDGEDYOMPTM2A,1685794353,2023-06-03T12:12:33.000Z,796425061,10000,436.7775330962615,0.04367775330962615
vip.algo,GF746HJMTCM7M7KHMJYQLWG6CN4DVHC3UTXK4PU4CU2CF3FT5GXH56ZOVM,WLKHGXZIM6QEFEULYMRHIC5BZZXWXS7EFLO33Y7C4GCWBDF23YLA,1685743185,2023-06-02T21:59:45.000Z,796425061,420.69,18.54240885609172,0.0440761816446593
vip.algo,GF746HJMTCM7M7KHMJYQLWG6CN4DVHC3UTXK4PU4CU2CF3FT5GXH56ZOVM,F3EYGETRE3VXYJPUY6SZMGQREF77AZQI7JPRV7CIGZZ2BH2TIBUA,1685583971,2023-06-01T01:46:11.000Z,796425061,23,0.5975042547330047,0.02597844585795673
froghousedojo.algo,P4SPR5M6T45XP3KVKP3XCLK55U2WXR3PGWA43IMXM6IZA5HDOBO4O4AB5A,ACFM2J57TUH2KH4ZSUF3F62HJUSXOZ3J4U3K3WUYKYDNNU55ECYQ,1685163721,2023-05-27T05:02:01.000Z,0,6.63,0.9965558848714973,0.1503100882159121
maureendenny.algo,OOPX4A36S7GOYAZMCWEXZCV62V3GWKGSIGOO5PF5BBRL2TNRV7ITHWKE7U,4JYGQ2XLRFNOA7FEZ5FGFHXYAHLV22IUKME2M4TEL7RNKDWC75MQ,1685136281,2023-05-26T21:24:41.000Z,796425061,6969.69,75.32384347159099,0.0108073448706601
,5EIFWC25ABTARJL3G4PFPPJVYLR4OIUX3NYTUDSEGW4UFKJY4KMFXOGBPE,WM5VULORM6OFLDZAAOQ7PPK3JFMMNGARQU63EL6SS5Y6L6GULVXQ,1685123212,2023-05-26T17:46:52.000Z,0,15,2.2417613510540453,0.14945075673693636
xarmian.algo,PTDHJDTOQQUMZPUVLRL27XERLKBGZPVS7ESS7VD7OFSKY7KH4PAE5ZHTVQ,EZ3XGUPJQKEFGM2WNFMSAXE5K5N24S4SSNNPNXMOBKWNPBGSFJGA,1684936817,2023-05-24T14:00:17.000Z,796425061,1000,12.922164869009128,0.012922164869009128
,YAZ6ZCQNU6VP2MJLQPKHPISJYDEYQQMOTTZ3FETXI5PEOILU3RKRDY2N6U,NKKKMJKRISLUTRPX65VPX632KC6I7VMVEAT5K3HTL7EBLQZIPAVA,1684931057,2023-05-24T12:24:17.000Z,796425061,200,2.9773755299660802,0.014886877649830401
jaxnole.algo,AAC2JBF6S6WIFE3SIWKDJ46HOBOXFBGBMMMSJDMIBE25SMBG4H2D2TJ3XY,O5BTMNXH3CZ3JPMP4ULXA3QDSHAMDZSTRFBIR3IXEXFHHZYBT5CA,1684924430,2023-05-24T10:33:50.000Z,796425061,1000,15.700562758659679,0.015700562758659678
hashingslash.algo,SLASH6WN7MPCCMQ3PRNEU3JJ4J5WFBCX27U3QV4UIVYDPEQOWNHN37REZQ,TELV26BXL3VVXRKPQLJFWADEQ2VLVDSL7HKYFMM77LZDJOTKWGZQ,1684912375,2023-05-24T07:12:55.000Z,1103395824,3.252335,5.001617809960448,1.5378544368770277
anonymuss.algo,EHX7TF5FVLQYQLBBGZ2RLEWZIMT4Q66ILRKVBRTOJJFY3GIFDC3NPUFC4U,MZWIOC7NN5YBHPZTCVBRZ5GHAMUYSR7Z2P2GN6HRFCU5AKZLX32Q,1684907863,2023-05-24T05:57:43.000Z,796425061,1000,15.562908878004409,0.015562908878004409
,NFTCOOPERFV256YCEGSOISWKKO26LULIVDV5PC6UEJR36GWPEHF5JHYABM,Z6CRNJ6SAZCD2OQ5KVIJ5ITIKLRNNK4OKWOYQPPJBGFGQJLDAIVQ,1684904154,2023-05-24T04:55:54.000Z,1103395709,1836.092658,202.693814549575,0.11039410983232362
drtrev4.algo,ZSCNQXMWLFQQOXCDPRVJIHELDHVIKPOHHUB5KOZUKWS5A5HGETIIRI62FQ,E3L3UGFGFJSLU22ZZX6VYWU3GSVB5K7YB2EWXCSOUPUNRHNP2LHA,1684872675,2023-05-23T20:11:15.000Z,796425061,1050,18.492677319471124,0.017612073637591548
409.algo,OJMRO6OGTQR4GMOKU7GMRQMAQ6OWNLAJAMPIRILWNOSMV2CKXCOY76S42E,LUL4DHZ5GNUAPFS6DD674DNOUWXGDLIPFFTLRIU7KT7OXUQP67NA,1684871871,2023-05-23T19:57:51.000Z,0,20,3.2640837425564815,0.16320418712782409
,5EIFWC25ABTARJL3G4PFPPJVYLR4OIUX3NYTUDSEGW4UFKJY4KMFXOGBPE,V6YIVAXYOL6JP6YE7H6WK4OECL2OSNQ3F4TZUUU7TVJKC4CWJNRQ,1684858527,2023-05-23T16:15:27.000Z,0,10,1.6371776594348797,0.16371776594348797
robbie.coop.algo,HIBMJUF7EAWJXCIMNROUNJBJNXGUAB45QEJA4IV4XCNWQEBN2F7VMB3PKM,EHGBI7EH3WRXBEDE27SUC2ENK3T2AMQ3NX26Y5MZPJFIDQ4BEHOA,1684852631,2023-05-23T14:37:11.000Z,796425061,939.475,17.95124593151639,0.019107742017101456
roamoilanen.algo,C7FVVLZVOIWFSJUXRZIWWBJUYEZ2R22IX35A33XG5UDVCXXCX52NTC5QRE,UG3Q7LUDQYQT73T6KJG5ZKMRGQIZO4LOMKRFVAD34Z64BCQE3XQA,1684814795,2023-05-23T04:06:35.000Z,796425061,1000,19.46805004777996,0.01946805004777996
bravesir.algo,62ZE7N6FKB4IKQUTE7Q6CP5JCPMEVY4HWGWO3R5OESVIUM2ZJ72PHQ5CHM,H6R3NOCEVGU2GQRJJMKWNE6X652AKFRZYJRVQYC2P4YXAI2HM2KA,1684807539,2023-05-23T02:05:39.000Z,796425061,10000,217.45782423946963,0.021745782423946963
paulie.algo,HMU6VVEFQMACFZMJWUVCEVDX2VQGFRQFT6GAJR3JKX4532TSNFXVREXPJI,4Q6T3FDY5C6T6I6EHN4DF5ZXVFRXP2ISU5RUOBWM7CZXY5SY6IXQ,1684802707,2023-05-23T00:45:07.000Z,796425061,1000,18.573887353932733,0.018573887353932735
airdrop.algogator.algo,GO24CHPRAZLFUK3ZMQPEPTMCQHOFI7NGSFH65KPNYGIZOP7CV7H4O5I2RQ,KXINOQKCWUBAWLJISWIYBR4YGD2QMYC6DSBOHYMGCC72QUKBFF4Q,1684787408,2023-05-22T20:30:08.000Z,796425061,1000,14.61794560801059,0.01461794560801059
patrick.algo,MQ2QJHZSZ6A7ZXPFE2EPIWLYUMRRDO3DQBEO6NIQ2B5A5OJ4VMWOOI2AX4,KYAPOTMFMD3SAX6D7PFFWAF5RRPHUJTGYQCLG536VMT65EEZ3VIQ,1684786415,2023-05-22T20:13:35.000Z,796425061,1000,14.18545025660236,0.01418545025660236
dthirteen.algo,JPEGRZ6G4IBZCOC7UV6QZWJ6TENNKRIPENUJTLG5K7PKIKMVTJHUGERARE,ZUY2Y64KR4A3NL4C7PMSJKCYYYUA2MLQDCB3WJ3GLTQO7KJSDDPA,1684785479,2023-05-22T19:57:59.000Z,0,3,0.4848478792325527,0.16161595974418422
tucantribenft.algo,R3EORNT6425OPOY5GTPPXDSXN43IW7KROSXQYFYREEFOR6SLDJJ7GCFA44,QDAVWN4R2TB3SMROSIZ3UPDTOTXWPKDIJHHQQMJ476DQOMTL6E3A,1684785313,2023-05-22T19:55:13.000Z,796425061,420.696969,6.179854305954126,0.014689562229658292
movetoabetterworld.algo,T2LT2FQUGTKM5JRV4JXGNLOQEWD2EOFNXSH2V6HDC7RYFTHGQDXVZ2MVTA,AQDW6SASO46ERWLHAGBNYNIW5YRXLFHYHQYJTCGYEQ2VN7K56UKQ,1684779653,2023-05-22T18:20:53.000Z,796425061,13,0.1804002682635853,0.013876943712583484
dthirteen.algo,JPEGRZ6G4IBZCOC7UV6QZWJ6TENNKRIPENUJTLG5K7PKIKMVTJHUGERARE,SP7V2DIT44WMJ362DIKN245EYODTKCBDPXB26NKGSQHOSGFZ6O6Q,1684779233,2023-05-22T18:13:53.000Z,796425061,13,0.1747543970663915,0.013442645928183962
,NFTCOOPERFV256YCEGSOISWKKO26LULIVDV5PC6UEJR36GWPEHF5JHYABM,4JU5PNUGBKQ6J7HNLIMNGXCFVEOEBWYODJLQN6UI24PQIKOACWKA,1684766765,2023-05-22T14:46:05.000Z,1103395824,70.368195,87.58751726327799,1.2447031967109288
d13.algo,DEFIYIELD5UFVZGQM44QGHEJGKA4ZX763W3ZVRZYTSYVKKX6QOL7OTWKAQ,LJ7XGZP6ZBNHGIGQ7IJUBY5MHHACLVCNARTNNHNNO5VP45AGGD6Q,1684766454,2023-05-22T14:40:54.000Z,796425061,59659,683.3741968011315,0.01145467065825997
,NFTCOOPERFV256YCEGSOISWKKO26LULIVDV5PC6UEJR36GWPEHF5JHYABM,7VH3RPZ3K4IYCA737C5OAQIFCDACC4Q3PDECKBOCTAJEO3MCJ7PQ,1684766291,2023-05-22T14:38:11.000Z,0,1,0.16180080251181111,0.16180080251181111